urn,name,address1,address2,town,postcode,p8mea
100053,Acland Burghley School,Burghley Road,,London,NW5 1UJ,-0.3
100054,The Camden School for Girls,Sandall Road,,London,NW5 2DB,0.62
100052,Hampstead School,Westbere Road,Hampstead,London,NW2 3RT,-0.46
100049,Haverstock School,24 Haverstock Hill,Chalk Farm,London,NW3 2BQ,-0.2
100059,La Sainte Union Catholic Secondary School,Highgate Road,,London,NW5 1RP,0.18
100055,Maria Fidelis Catholic School FCJ,1 - 39 Drummond Crescent,,London,NW1 1LY,-0.58
100050,Parliament Hill School,Highgate Road,,London,NW5 1RL,0.5
100051,Regent High School,Chalton Street,Camden,London,NW1 1RX,-0.27
137181,The UCL Academy,Adelaide Road,,Camden,NW3 3AQ,-0.16
100056,William Ellis School,Highgate Road,,London,NW5 1RN,-0.17
138245,Ark Greenwich Free School,403 Shooters Hill Road,,London,SE18 4LH,1.43
100182,Eltham Hill School,Eltham Hill,,London,SE9 5EE,0.25
138449,Harris Academy Greenwich,Middle Park Avenue,Eltham,London,SE9 5EQ,0.35
147439,The John Roan School,Westcombe Park Road,Blackheath,London,SE3 7QR,-0.29
145895,Leigh Academy Blackheath,Old Dover Road,Blackheath,London,SE3 8SY,0.22
145315,Leigh Academy Halley,Corelli Road,,London,SE3 8EP,0.09
141309,Leigh Stationers' Academy,145 Bexley Road,Eltham,London,SE9 2PT,-0.33
100183,Plumstead Manor School,Old Mill Road,,London,SE18 1QF,-0.65
143927,Royal Greenwich Trust School,765 Woolwich Road,Greenwich,London,SE7 8LJ,-0.36
100171,Saint Mary Magdalene Church of England All Through School,Kingsman Street,,London,SE18 5PW,-0.27
105135,St Paul's Academy,Finchale Road,Abbey Wood,London,SE2 9PX,-0.25
141716,St Thomas More Catholic Comprehensive School,Footscray Road,Eltham,London,SE9 2SU,0.74
100193,St Ursula's Convent School,Crooms Hill,Greenwich,London,SE10 8HN,0.09
100190,Thomas Tallis School,Kidbrooke Park Road,,London,SE3 9PX,-0.12
141163,Woolwich Polytechnic School,Hutchins Road,Thamesmead,London,SE28 8AT,-0.04
143686,Woolwich Polytechnic School for Girls,1 Birchdene Drive,,Thamesmead,SE28 8RF,0.4
100282,All Saints Catholic High School,6-16 Amhurst Park,Stamford Hill,London,N16 5AF,0.27
131609,The Bridge Academy,Laburnum Street,Hackney,London,E2 8BA,0.51
150604,Cardinal Pole Catholic School,205 Morning Lane,Hackney,London,E9 6LG,0.15
135835,"The City Academy, Hackney",Homerton Row,Hackney,London,E9 6EA,0.56
143756,"City of London Academy, Shoreditch Park",Hyde Road,,London,N1 5JU,0.68
137442,Clapton Girls' Academy,Laura Place,Lower Clapton Road,London,E5 0RB,0.84
131062,The Excelsior Academy,Shacklewell Lane,Hackney,London,E8 2EY,0.46
149901,Haggerston School,Weymouth Terrace,Hackney,London,E2 8LS,0.16
145609,Lubavitch House School (Senior Girls),107-115 Stamford Hill,,London,N16 5RP,0.02
134693,Mossbourne Community Academy,100 Downs Park Road,Hackney,London,E5 8JY,1.47
140210,Mossbourne Victoria Park Academy,Victoria Park Road,Hackney,London,E9 7HD,1.54
136137,Skinners' Academy,Woodberry Grove,,London,N4 1SY,0.16
100279,Stoke Newington School and Sixth Form,Clissold Road,,London,N16 9EX,0.28
100284,The Urswick School - A Church of England Secondary School,Paragon Road,Hackney,London,E9 6NR,-0.26
147653,Waterside Academy,317-319 Kingsland Road,,London,E8 4DL,1.04
133599,Yesodey Hatorah Senior Girls School,Egerton Road,Stamford Hill,London,N16 6UB,0.92
131752,Ark Burlington Danes Academy,Wood Lane,,London,W12 0HR,-0.03
141135,The Fulham Boys School,532 Fulham Road,,London,SW6 5BD,0.93
139364,Fulham Cross Academy,Kingwood Road,Fulham Palace Road,London,SW6 6SN,-0.14
139365,Fulham Cross Girls' School and Language College,Munster Road,Fulham,London,SW6 6BP,0.44
136172,Hammersmith Academy,25 Cathnor Road,,London,W12 9JD,0.25
141617,The Hurlingham Academy,Peterborough Road,Fulham,London,SW6 3ED,0.86
138607,Lady Margaret School,Parson's Green,,London,SW6 4UN,0.74
137157,The London Oratory School,Seagrave Road,,London,SW6 1RX,0.62
143129,Phoenix Academy,The Curve,,London,W12 0RQ,0.87
137935,Sacred Heart High School,212 Hammersmith Road,,London,W6 7DG,0.78
136750,West London Free School,241 King Street,,London,W6 9LP,0.96
131690,Arts and Media School Islington,Turle Road,,London,N4 3LS,0.17
100453,Beacon High,Hilldrop Road,Islington,London,N7 0JG,-0.94
100458,Central Foundation Boys' School,Cowper Street,City Road,London,EC2A 4SH,0.56
144962,City of London Academy Highbury Grove,8 Highbury Grove,Islington,London,N5 2EQ,0.09
135587,City of London Academy Islington,Prebend Street,Islington,London,N1 8PQ,0.13
143659,"City of London Academy, Highgate Hill","Holland Walk, Duncombe Road",Archway,London,N19 3EU,0.12
100457,Elizabeth Garrett Anderson School,Donegal Street,Islington,London,N1 9QG,0.24
100455,Highbury Fields School,Highbury Hill,,London,N5 1AR,0.43
100459,St Aloysius RC College,Hornsey Lane,Highgate,London,N6 5LY,0.46
134314,St Mary Magdalene Academy,Liverpool Road,Islington,London,N7 8PG,0.3
100503,All Saints Catholic College,75 St Charles Square,,London,W10 6EL,0.69
141931,The Cardinal Vaughan Memorial RC School,89 Addison Road,,London,W14 8BZ,1
135531,Chelsea Academy,Lots Road,Chelsea,London,SW10 0AB,0.23
149632,Holland Park School,Airlie Gardens,,London,W8 7AF,0.04
140212,Kensington Aldridge Academy,1 Silchester Road,,London,W10 6EX,0.13
151008,St. Thomas More Language College,Cadogan Street,,London,SW3 2QS,0.2
135389,Ark Evelyn Grace Academy,255 Shakespeare Road,Lambeth,London,SE24 0QN,-0.46
100638,Bishop Thomas Grant Catholic Secondary School,Belltrees Grove,,London,SW16 2HY,0.74
137954,City Heights E-ACT Academy,33 Abbots Park,Tulse Hill,London,SW2 3PW,-0.37
137093,Dunraven School,94-98 Leigham Court Road,,LONDON,SW16 2QB,-0.23
144309,The Elmgreen School,Elmcourt Road,Tulse Hill,London,SE27 9BZ,-0.37
134815,The Elms Academy,Elms Road,Clapham,London,SW4 9ET,0.91
100637,La Retraite Roman Catholic Girls' School,Atkins Road,,London,SW12 0AB,0.22
100625,Lilian Baylis Technology School,323 Kennington Lane,Kennington,London,SE11 5QY,0.01
100642,London Nautical School,61 Stamford Street,Waterloo,London,SE1 9NA,-0.26
100624,The Norwood School,Crown Dale,Lambeth,London,SE19 3NY,0.03
139659,Oasis Academy South Bank,75 Westminster Bridge Road,,London,SE1 7HS,0.81
136450,Platanos College,Clapham Road,,London,SW9 0AL,-0.22
100627,Saint Gabriel's College,Langton Road,,London,SW9 6UL,0.2
140966,Trinity Academy,Brixton Hill,Brixton,London,SW2 1QS,-0.18
100590,Woodmansterne School,Woodmansterne Road,Streatham,London,SW16 5UQ,0.24
100748,Addey and Stanhope School,472 New Cross Road,New Cross,London,SE14 6TJ,-0.38
150605,Bonus Pastor Catholic College,Winlaton Road,Downham,Bromley,BR1 5PZ,0.43
100740,Deptford Green School,Edward Street,New Cross,London,SE14 6AN,0.05
100745,Forest Hill School,Dacres Road,Forest Hill,London,SE23 2XN,0.3
135073,Haberdashers' Hatcham College,Pepys Road,,London,SE14 5SF,0.08
135070,Haberdashers' Knights Academy,Launcelot Road,,Bromley,BR1 5EB,0.18
150318,Prendergast Ladywell School,Manwood Road,Brockley,Lewisham,SE4 1SA,-0.29
150319,Prendergast School,Adelaide Avenue,Brockley,London,SE4 1LE,0.57
150351,Prendergast Vale School,Elmira Street,Lewisham,London,SE13 7BN,0.04
135264,St Matthew Academy,St Joseph's Vale,,London,SE3 0XX,0.57
148003,Sedgehill Academy,Sedgehill Road,Lewisham,London,SE6 3QW,0.2
100741,Sydenham School,Dartmouth Road,,London,SE26 4RD,0.1
100749,"Trinity Church of England School, Lewisham",Taunton Road,,London,SE12 8PD,0.53
139718,Ark All Saints Academy,140 Wyndham Road,Camberwell,London,SE5 0UB,0.44
135584,Ark Globe Academy,Harper Road,,London,SE1 6AG,0.22
135315,Ark Walworth Academy,Shorncliffe Road,,London,SE1 5UJ,0.18
145313,Bacon's College,Timber Pond Road,,London,SE16 6AT,0.4
139587,The Charter School Bermondsey,Keeton's Road,,London,SE16 4EE,0.08
142178,The Charter School East Dulwich,Jarvis Road,East Dulwich,London,SE22 8RB,0.19
136298,The Charter School North Dulwich,Red Post Hill,,London,SE24 9JH,0.8
134222,City of London Academy (Southwark),240 Lynton Road,,London,SE1 5LA,0.48
147073,Haberdashers' Borough Academy,94B Southwark Bridge Road,,London,SE1 0EX,-0.23
131747,Harris Academy Bermondsey,55 Southwark Park Road,,London,SE16 3TZ,0.55
134225,Harris Academy Peckham,112 Peckham Road,,London,SE15 5DZ,0.29
135816,Harris Boys' Academy East Dulwich,Peckham Rye,East Dulwich,London,SE22 0AT,0.98
132711,Harris Girls' Academy East Dulwich,Homestall Road,,London,SE22 0NR,0.4
136309,Kingsdale Foundation School,Alleyn Park,Dulwich,London,SE21 8SQ,0.68
149369,Notre Dame Catholic Girls' School,118 St George's Road,,London,SE1 6EX,0.25
138960,Sacred Heart Catholic School,Camberwell New Road,,London,SE5 0RP,1.24
100849,St Saviour's and St Olave's Church of England School,New Kent Road,,London,SE1 4AN,0.58
100857,The St Thomas the Apostle College,Hollydale Road,Nunhead,London,SE15 2EB,1.45
140221,South Bank University Academy,Trafalgar Street,,London,SE17 2TP,-0.16
150606,Bishop Challoner Catholic School,352 Commercial Road,,London,E1 0LB,-0.27
100965,Bow School,44 Twelvetrees Crescent,Bow,London,E3 3QW,-0.39
142879,Canary Wharf College Crossharbour,7 Selsdon Way,,London,E14 9GL,0.32
100975,Central Foundation Girls' School,Bow Road,,London,E3 2AE,0.5
100974,George Green's School,100 Manchester Road,Isle of Dogs,London,E14 3DW,0.06
100966,Langdon Park Community School,Bright Street,Poplar,London,E14 0RZ,-0.34
141133,London Enterprise Academy,81-91 Commercial Road,Whitechapel,London,E1 1RD,-0.1
100967,Morpeth School,Portman Place,Bethnal Green,London,E2 0PX,0.24
137789,Mulberry Academy Shoreditch,Gosset Street,Bethnal Green,London,E2 6NW,0.01
143629,Mulberry School for Girls,Richard Street,Commercial Road,London,E1 2JP,0.61
144700,Mulberry Stepney Green Mathematics and Computing College,Ben Jonson Road,Stepney,London,E1 4SD,0.13
144756,Mulberry UTC,64 Parnell Road,,London,E3 2RU,-0.98
100972,Oaklands School,Old Bethnal Green Road,Bethnal Green,London,E2 6PR,0.41
143379,St Paul's Way Trust School,125 St Paul's Way,,London,E3 4FT,0.54
100977,Stepney All Saints Church of England Secondary School,Stepney Way,Stepney,London,E1 0RH,0.77
100973,Swanlea School,31 Brady Street,Whitechapel,London,E1 5DJ,0.81
138202,Wapping High School,153 Commercial Road,,London,E1 2DA,0.04
138267,Ark Bolingbroke Academy,Wakehurst Road,,London,SW11 6BF,1.04
138681,Ark Putney Academy,Pullman Gardens,Putney,London,SW15 3DG,0.23
135316,Ashcroft Technology Academy,100 West Hill,Wandsworth,London,SW15 2UT,1.34
139842,Burntwood School,Burntwood Lane,,London,SW17 0AQ,0.34
136883,Chestnut Grove Academy,Chestnut Grove,Balham,London,SW12 8JZ,0.42
149543,Ernest Bevin Academy,Beechcroft Road,Tooting,London,SW17 7DF,0.59
137005,Graveney School,Welham Road,Tooting,London,SW17 9BU,0.74
140985,Harris Academy Battersea,401 Battersea Park Road,,London,SW11 5AP,0.32
141808,Saint Cecilia's Church of England School,Sutherland Grove,,London,SW18 5JR,0.35
135762,Saint John Bosco College,Parkham Street,Battersea,London,SW11 3DQ,0.17
138682,Southfields Academy,333 Merton Road,Wandsworth,London,SW18 5JU,0.48
135242,Ark King Solomon Academy,Penfold Street,,London,NW1 6RX,1.18
138313,The Grey Coat Hospital,Greycoat Place,,London,SW1P 2DY,1.04
145126,Harris Academy St John's Wood,Marlborough Hill,,London,NW8 0NL,0.53
140884,Marylebone Boys' School,North Wharf Road,,London,W2 1QZ,0.16
130912,Paddington Academy,50 Marylands Road,,London,W9 2DR,0.85
135676,Pimlico Academy,Lupus Street,Pimlico,London,SW1V 3AT,0.27
101154,St Augustine's Federated Schools: CE High School,Kilburn Park Road,,London,NW6 5SN,0.11
139369,St George's Catholic School,Lanark Road,Maida Vale,London,W9 1RB,0.72
137353,The St Marylebone CofE School,64 Marylebone High Street,,London,W1U 5BA,0.69
131262,Westminster Academy,The Naim Dangoor Centre,255 Harrow Road,London,W2 5EZ,-0.05
138312,Westminster City School,55 Palace Street,,London,SW1E 5HJ,0.09
101247,All Saints Catholic School and Technology College,Terling Road,Wood Lane,Dagenham,RM8 1JT,0.72
101241,"Barking Abbey School, A Specialist Sports and Humanities College",Sandringham Road,,Barking,IG11 9AG,0.02
148932,Brook Sixth Form and Academy,Yew Tree Avenue,Rainham Road South,Dagenham,RM10 7FN,-0.6
136028,Dagenham Park CofE School,School Road,,Dagenham,RM10 9QH,-0.25
101243,Eastbrook School,Dagenham Road,,Dagenham,RM10 7UR,-0.62
101244,Eastbury Community School,Hulse Avenue,,Barking,IG11 9UW,0.21
140962,Goresbrook School,Cook Road,,Dagenham,RM9 6XW,0.87
142908,Greatfields School,Net Street,,Barking,IG11 7QG,0.3
133561,Jo Richardson Community School,Gale Street,Castle Green,Dagenham,RM9 4UN,0.2
139791,Riverside School,Renwick Road,,Barking,IG11 0FU,0.78
101245,Robert Clack School,Gosfield Road,,Dagenham,RM8 1JU,0.16
141683,The Sydney Russell School,Parsloes Avenue,,Dagenham,RM9 5QT,0.72
141178,The Warren School,Whalebone Lane North,Chadwell Heath,Romford,RM6 6SB,0.37
139594,The Archer Academy,Eagans Close,,London,N2 8GA,0.61
147061,Ark Pioneer Academy,Westcombe Drive,,Barnet,EN5 2BE,0.57
136308,Ashmole Academy,Cecil Road,Southgate,London,N14 5RJ,0.85
143082,Bishop Douglass School Finchley,Hamilton Road,East Finchley,London,N2 0SQ,0.43
137388,Christ's College Finchley,East End Road,East Finchley,London,N2 0SE,0.7
136418,The Compton School,Summers Lane,,London,N12 0QG,0.73
138685,Copthall School,Pursley Road,Mill Hill,London,NW7 2EP,0.44
136658,East Barnet School,Chestnut Grove,East Barnet,Barnet,EN4 8PU,0.16
101362,Finchley Catholic High School,Woodside Lane,Finchley,London,N12 8TA,0.94
101345,Friern Barnet School,Hemington Avenue,Friern Barnet,London,N11 3LS,0
137539,Hasmonean High School for Boys,Holders Hill Road,Hendon,London,NW4 1NA,0.7
147238,Hasmonean High School for Girls,2 - 4 Page Street,Mill Hill,London,NW7 2EU,1.21
137645,Hendon School,Golders Rise,Hendon,London,NW4 2HP,-0.13
138051,The Henrietta Barnett School,Central Square,Hampstead Garden Suburb,London,NW11 7BN,1.09
135747,JCoSS,Castlewood Road,,New Barnet,EN4 9GE,0.97
134798,London Academy,Spur Road,,Edgware,HA8 8DE,0.74
142627,Menorah High School for Girls,105 Brook Road,,London,NW2 7BZ,1.58
137386,Mill Hill County High School,Worcester Crescent,Mill Hill,London,NW7 4LL,0.24
137131,Queen Elizabeth's Girls' School,High Street,,Barnet,EN5 5RR,0.74
136290,"Queen Elizabeth's School, Barnet",Queen's Road,,Barnet,EN5 4DQ,1.22
139410,St Andrew the Apostle Greek Orthodox School,North London Business Park,,London,N11 1NP,0.4
101364,St James' Catholic High School,Great Strand,Colindale,London,NW9 5PE,0.32
103119,St Mary's and St John's CofE School,Bennett House,Sunningfields Road,London,NW4 4QR,0.43
101361,St Michael's Catholic Grammar School,Nether Street,North Finchley,London,N12 7NJ,0.98
145921,Saracens High School,Corner Mead,,London,NW9 4AS,0.42
144502,The Totteridge Academy,Barnet Lane,Barnet,London,N20 8AZ,1.32
137361,Whitefield School,Claremont Road,Cricklewood,London,NW2 1TR,0.44
135507,Wren Academy Finchley,Hilton Avenue,North Finchley,London,N12 9HB,0.85
136334,Beths Grammar School,Hartford Road,,Bexley,DA5 1NE,0.53
136369,Bexley Grammar School,Danson Lane,,Welling,DA16 2BL,0.49
137138,Bexleyheath Academy,Woolwich Road,,Bexleyheath,DA6 7DA,-0.42
137965,Blackfen School for Girls,Blackfen Road,,Sidcup,DA15 9NU,-0.14
137423,Chislehurst and Sidcup Grammar School,Hurst Road,,Sidcup,DA15 9AG,0.82
138686,Cleeve Park School,Bexley Lane,,Sidcup,DA14 4JN,-0.19
135951,Haberdashers' Crayford Academy,Iron Mill Lane,Crayford,Dartford,DA1 4RS,-0.13
135677,Harris Academy Falconwood,The Green,,Welling,DA16 2PE,-0.02
145140,Harris Garrard Academy,Yarnton Way,Thamesmead,Erith,DA18 4DW,0.54
149898,Leigh Academy Bexley,Avenue Road,,Erith,DA8 3BN,-0.95
137681,St Catherine's Catholic School,Watling Street,,Bexleyheath,DA6 7QJ,0.75
138650,St Columba's Catholic Boys' School,Halcot Avenue,,Bexleyheath,DA6 7QB,0.04
137769,Townley Grammar School,Townley Road,,Bexleyheath,DA6 7AB,0.66
136538,"Trinity Church of England School, Belvedere",Erith Road,,Belvedere,DA17 6HT,-0.54
136720,Welling School,Elsa Road,,Welling,DA16 1LB,-0.82
138610,Alperton Community School,Stanley Avenue,,Wembley,HA0 4JE,0.79
135600,Ark Academy,Forty Avenue,,Wembley,HA9 9JR,0.45
141019,Ark Elvin Academy,Cecil Avenue,Wembley,London,HA9 7DU,0.35
136656,Claremont High School,Claremont Avenue,Kenton,Harrow,HA3 0UH,0.59
135973,E-ACT Crest Academy,Crest Road,,London,NW2 7SN,-0.03
134226,Harris Lowe Academy Willesden,Doyle Gardens,Willesden,London,NW10 3ST,0.23
133724,JFS,,Kenton,Harrow,HA3 9TE,1.16
137685,Kingsbury High School,Princes Avenue,Kingsbury,London,NW9 9JR,0.36
140862,Michaela Community School,North End Road,Wembley,London,HA9 0UU,2.56
101564,Newman Catholic College,Harlesden Road,Brent,London,NW10 3RN,-0.21
139319,Preston Manor School,Carlton Avenue East,,Wembley,HA9 8NA,0.25
138609,Queens Park Community School,Aylestone Avenue,,London,NW6 7BQ,0.08
137994,Saint Claudine's Catholic School for Girls,Crownhill Road,,London,NW10 4EP,0.8
142560,St Gregory's Catholic Science College,Donnington Road,Kenton,Harrow,HA3 0NB,0.73
138457,Wembley High Technology College,East Lane,,North Wembley,HA0 3NT,1.43
136466,Bishop Justus CofE School,Magpie Hall Lane,,Bromley,BR2 8HZ,-0.68
136709,Bullers Wood School,St Nicolas Lane,Logs Hill,Chislehurst,BR7 5LJ,0.37
145868,Bullers Wood School for Boys,Chislehurst Road,,Bromley,BR1 2NW,0
136467,Chislehurst School for Girls,Beaverwood Road,Perry Street,Chislehurst,BR7 6HE,0.18
136355,Darrick Wood School,Lovibonds Avenue,,Orpington,BR6 8ER,0
137121,Harris Academy Beckenham,Manor Way,,Beckenham,BR3 3SJ,0.38
143427,Harris Academy Orpington,Tintagel Road,Orpington,,BR5 4LG,0.15
137379,Harris Girls Academy Bromley,Lennard Road,,Beckenham,BR3 1QR,0.99
136644,Hayes School,West Common Road,Hayes,Bromley,BR2 7DB,0.09
136281,Kemnal Technology College,Sevenoaks Way,,Sidcup,DA14 5AA,-0.92
136586,Langley Park School for Boys,South Eden Park Road,,Beckenham,BR3 3BP,0.4
137006,Langley Park School for Girls,Hawksbrook Lane,South Eden Park Road,Beckenham,BR3 3BE,0.4
136551,Newstead Wood School,Avebury Road,,Orpington,BR6 9SA,1.05
136464,Orion Coopers,Hawkwood Lane,,Chislehurst,BR7 5PS,-0.38
144465,Orion Eden Park,Balmoral Avenue,,Beckenham,BR3 3RD,-0.56
136517,Ravens Wood School,Oakley Road,,Bromley,BR2 8HP,-0.13
136540,The Ravensbourne School,Hayes Lane,,Bromley,BR2 9EH,0.11
101676,St Olave's and St Saviour's Grammar School,Goddington Lane,,Orpington,BR6 9SH,1.27
141210,The Archbishop Lanfranc Academy,Mitcham Road,,Croydon,CR9 3AS,0.1
101811,Archbishop Tenison's CofE High School,Selborne Road,,Croydon,CR0 5JQ,-0.18
101849,BRIT School for Performing Arts and Technology,60 The Crescent,Selhurst,Croydon,CR0 2HN,-0.36
149347,Coloma Convent Girls' School,Upper Shirley Road,,Croydon,CR9 5AS,0.52
145875,Coombe Wood School,30 Melville Avenue,,South Croydon,CR2 7HY,0.38
150055,Harris Academy Beulah Hill,Spurgeon Road,,London,SE19 3UG,0
135955,Harris Academy Purley,Kendra Hall Road,,South Croydon,CR2 6DT,0.23
135249,Harris Academy South Norwood,Cumberlow Avenue,,London,SE25 6AE,0.45
135311,Harris City Academy Crystal Palace,Maberley Road,Upper Norwood,London,SE19 2JH,0.24
140952,Harris Invictus Academy Croydon,88 London Road,,Croydon,CR0 2TB,-0.1
143846,Meridian High School,Fairchildes Avenue,New Addington,Croydon,CR0 0AH,-0.7
137754,Norbury High School for Girls,Kensington Avenue,,Thornton Heath,CR7 8BT,0.27
140209,Oasis Academy Arena,Albert Road,South Norwood,London,SE25 4QL,-0.5
135654,Oasis Academy Coulsdon,Homefield Road,Old Coulsdon,Croydon,CR5 1ES,-0.15
135968,Oasis Academy Shirley Park,Shirley Road,,Croydon,CR9 7AL,-0.07
142040,Orchard Park High School,Orchard Way,Shirley,Croydon,CR0 7NJ,0.37
136203,The Quest Academy,Farnborough Avenue,,South Croydon,CR2 8HD,-0.35
138178,Riddlesdown Collegiate,Honister Heights,,Purley,CR8 1EX,0.14
138221,St Joseph's College,Beulah Hill,,London,SE19 3HL,0.04
101814,St Mary's Catholic High School,Woburn Road,,Croydon,CR9 2EE,0.29
137772,Shirley High School Performing Arts College,Shirley Church Road,,Croydon,CR0 5EF,-0.51
101821,Thomas More Catholic School,Russell Hill Road,,Purley,CR8 2XP,-0.13
138187,Woodcote High School,Meadow Rise,,Coulsdon,CR5 2EH,-0.07
145724,Ada Lovelace Church of England High School,Park View Road,Ealing,London,W5 2JX,1.4
134369,Alec Reed Academy,Bengarth Road,,Northolt,UB5 5LQ,0.24
146318,Ark Acton Academy,Gunnersbury Lane,Acton,London,W3 8EY,0.2
101939,Brentside High School,Greenford Avenue,Hanwell,London,W7 1JJ,-0.04
101934,The Cardinal Wiseman Catholic School,Greenford Road,,Greenford,UB6 9AW,0.83
145348,Dormers Wells High School,Dormers Wells Lane,,Southall,UB1 3HZ,0.63
137221,Drayton Manor High School,Drayton Bridge Road,Hanwell,London,W7 1EU,0.65
142654,Ealing Fields High School,Little Ealing Lane,Ealing,London,W5 4EJ,1.3
101941,The Ellen Wilkinson School for Girls,Queen's Drive,Acton,London,W3 0HW,0.97
131310,Elthorne Park High School,Westlea Road,Hanwell,London,W7 2AH,0.49
137729,Featherstone High School,11 Montague Waye,,Southall,UB2 5HF,0.6
101940,Greenford High School,Lady Margaret Road,,Southall,UB1 2GU,0.37
101943,Islip Manor High School,Eastcote Lane,,Northolt,UB5 4HP,-0.24
137546,Twyford Church of England High School,Twyford Crescent,,London,W3 9PP,1.08
101928,Villiers High School,Boyd Avenue,,Southall,UB1 3BT,0.5
139725,William Perkin Church of England High School,Oldfield Lane North,,Greenford,UB6 8PR,0.87
147536,AIM Academy North London,34 Turin Road,,London,N9 8DQ,0.36
139815,Ark John Keats Academy,Bell Lane,,London,EN3 5PA,0.24
136147,Aylward Academy,Windmill Road,Enfield,London,N18 1NB,-0.28
102052,Bishop Stopford's School,Brick Lane,,Enfield,EN1 3PU,-0.54
102049,Chace Community School,Churchbury Lane,,Enfield,EN1 3HQ,-0.6
143197,Edmonton County School,Little Bury Street,Edmonton,London,N9 9JZ,0.23
102048,Enfield County School for Girls,Holly Walk,,Enfield,EN2 6QG,0.38
137094,Enfield Grammar School,Market Place,,Enfield,EN2 6LN,-0.05
139599,Heron Hall Academy,Queensway,,Enfield,EN3 4SA,0.17
132256,Highlands School,148 Worlds End Lane,,London,N21 1QQ,0.42
136327,Kingsmead School,196 Southbury Road,,Enfield,EN1 1YQ,0.27
102055,The Latymer School,Haselbury Road,,London,N9 9TN,0.74
102056,Laurel Park School,Wilmer Way,,London,N14 7HY,-0.37
144084,The Lea Valley Academy,Bullsmoor Lane,,Enfield,EN3 6TW,-0.68
134311,Oasis Academy Enfield,Kinetic Crescent,Innova Park,Enfield,EN3 7XH,-0.17
135958,Oasis Academy Hadley,143 South Street,,Enfield,EN3 4PX,0.25
102053,St Anne's Catholic High School for Girls,Oakthorpe Road,Palmers Green,London,N13 5TY,0.65
102058,St Ignatius College,Turkey Street,,Enfield,EN1 4NP,0.85
142727,Southgate School,Sussex Way,Cockfosters,Barnet,EN4 0BL,0.37
102045,Winchmore School,Laburnum Grove,Winchmore Hill,London,N21 3HS,0.13
137531,Alexandra Park School,Bidwell Gardens,,London,N11 2AZ,0.81
144900,Duke's Aldridge,Trulock Road,Tottenham,London,N17 0PG,-0.06
102156,Fortismere School,Southwing,Tetherdown,London,N10 1NE,0.49
102157,Gladesmore Community School,Crowland Road,Tottenham,London,N15 6EB,-0.02
133386,Greig City Academy,High Street,Hornsey,London,N8 7NU,0.47
140935,Harris Academy Tottenham,Ashley Road,Tottenham,London,N17 9LN,0.66
139616,Heartlands High School,Station Road,Wood Green,London,N22 7ST,0.37
102154,Highgate Wood Secondary School,Montenotte Road,,London,N8 8RN,0.26
102153,Hornsey School for Girls,Inderwick Road,,London,N8 9JF,0.38
137745,Mulberry Academy Woodside,White Hart Lane,Wood Green,London,N22 5QJ,0.17
131757,Park View School,252 West Green Road,Tottenham,London,N15 3QR,0.01
139362,St Thomas More Catholic School,Glendale Avenue,Wood Green,London,N22 5HN,0.46
138227,Avanti House School,Wemborough Road,,Stanmore,HA7 2EQ,1.1
137178,Bentley Wood High School,Clamp Hill,,Stanmore,HA7 3JW,0.9
137199,Canons High School,Shaldon Road,,Edgware,HA8 6AN,-0.07
137177,Harrow High School,Gayton Road,,Harrow,HA1 2JG,0.62
137204,Hatch End High School,Headstone Lane,,Harrow,HA3 6NR,-0.03
137028,Nower Hill High School,George V Avenue,,Pinner,HA5 5RP,0.62
137075,Park High School,Thistlecroft Gardens,,Stanmore,HA7 1PL,0.17
142864,Pinner High School,Beaulieu Drive,,Pinner,HA5 1NB,0.71
137198,Rooks Heath School,Eastcote Lane,South Harrow,Harrow,HA2 9AH,0.32
146245,The Sacred Heart Language College,High Street,Wealdstone,Harrow,HA3 7AY,0.56
138458,Salvatorian Roman Catholic College,High Road,Harrow Weald,Harrow,HA3 5DY,0.45
141071,Whitefriars School,Whitefriars Avenue,Wealdstone,Harrow,HA3 5RQ,-0.1
102239,Whitmore High School,Porlock Avenue,,Harrow,HA2 0AD,0.75
136663,Abbs Cross Academy and Arts College,Abbs Cross Lane,,Hornchurch,RM12 4YB,-0.24
139307,Bower Park Academy,Havering Road,,Romford,RM1 4YY,-0.54
136576,The Brittons Academy,Ford Lane,,Rainham,RM13 7BB,-0.28
137040,The Campion School,Wingletye Lane,,Hornchurch,RM11 3BX,0.6
136600,The Coopers' Company and Coborn School,St Mary's Lane,,Upminster,RM14 3HS,0.45
136090,Drapers' Academy,Settle Road,Harold Hill,Romford,RM3 9XR,-0.13
137414,Emerson Park Academy,Wych Elm Road,,Hornchurch,RM11 3AD,-0.24
138326,The Frances Bardsley Academy for Girls,Brentwood Road,,Romford,RM1 2RR,0.39
144095,Gaynes School,Brackendale Gardens,,Upminster,RM14 3UX,0.24
137197,Hall Mead School,Marlborough Gardens,,Upminster,RM14 1SF,0.35
143428,Harris Academy Rainham,Lambs Lane South,,Rainham,RM13 9XD,0.56
143946,Hornchurch High School,Broadstone Road,,Hornchurch,RM12 4AJ,0.32
144094,Marshalls Park Academy,Pettits Lane,,Romford,RM1 4EH,-0.26
137396,Redden Court School,Cotswold Road,Harold Wood,Romford,RM3 0TS,0.33
143877,The Royal Liberty School,Upper Brentwood Road,,Romford,RM2 6HJ,0.47
137233,Sacred Heart of Mary Girls' School,St Mary's Lane,,Upminster,RM14 2QR,0.71
145944,St Edward's Church of England Academy,London Road,,Romford,RM7 9NX,0.05
146309,Sanders Draper,Suttons Lane,,Hornchurch,RM12 6RT,-0.37
137844,Barnhill Community High School,Yeading Lane,,Hayes,UB4 9LE,0.62
137407,Bishop Ramsey Church of England School,Hume Way,,Ruislip,HA4 8EE,0.2
137633,Bishopshalt School,Royal Lane,Hillingdon,Uxbridge,UB8 3RF,1.05
141035,De Salis Studio College,Wood End Green Road,,Hayes,UB4 8JP,0.47
137925,The Douay Martyrs Catholic School,Edinburgh Drive,Ickenham,Uxbridge,UB10 8QY,0.55
142887,Global Academy,The Old Vinyl Factory,1 Record Walk,Middlesex,UB3 1DH,-1.9
136329,Guru Nanak Sikh Academy,Springfield Road,,Hayes,UB4 0LT,0.44
135004,Harefield School,Northwood Way,Harefield,Uxbridge,UB9 6ET,-0.66
102451,Harlington School,Pinkwell Lane,Harlington,Hayes,UB3 1PB,0.27
136519,Haydon School,Wiltshire Lane,Eastcote,Pinner,HA5 2LX,-0.19
137078,Hewens College,Hewens Road,,Hayes,UB4 8JP,0.2
137829,Northwood School,Pinner Road,,Northwood,HA6 1QN,0.76
102449,Oak Wood School,Sutton Court Road,Hillingdon,Uxbridge,UB10 9HT,-0.24
145121,Park Academy West London,Park View Road,,Hillingdon,UB8 3GA,-0.3
138368,Parkside Studio College,Wood End Green Road,,Hayes,UB3 2SE,-1.31
136711,Queensmead School,Queens Walk,,Ruislip,HA4 0LS,0.68
137077,Rosedale College,Wood End Green Road,,Hayes,UB3 2SE,0.31
140748,Ruislip High School,Sidmouth Drive,,Ruislip,HA4 0BY,0.62
136631,Swakeleys School for Girls,Clifton Gardens,Hillingdon,Uxbridge,UB10 0EJ,0.64
146375,UTC Heathrow,Potter Street,,Northwood,HA6 1QG,-1.61
136768,Uxbridge High School,The Greenway,,Uxbridge,UB8 2PR,0.12
137635,Vyners School,Warren Road,Ickenham,Uxbridge,UB10 8AB,0.36
145866,Bolder Academy,1 Macfarlane Lane,,Isleworth,TW7 5DB,0.36
139095,Brentford School for Girls,5 Boston Manor Road,,Brentford,TW8 0PG,0.25
137907,Chiswick School,Burlington Lane,Chiswick,London,W4 3UN,0.45
136522,Cranford Community College,High Street,Cranford,Hounslow,TW5 9PD,0.6
144515,The Green School for Boys,Twickenham Road,,Isleworth,TW7 6AU,0.2
139989,The Green School for Girls,Busch Corner,London Road,Isleworth,TW7 5BB,0.64
137928,"Gumley House RC Convent School, FCJ",St John's Road,,Isleworth,TW7 6XF,0.73
102545,Gunnersbury Catholic School,The Ride,Boston Manor Road,Brentford,TW8 9LB,0.99
102539,The Heathland School,Wellington Road South,,Hounslow,TW4 5JD,0.49
138924,Heston Community School,Heston Road,Heston,Hounslow,TW5 0QR,0.29
137940,Isleworth and Syon School for Boys,Ridgeway Road,,Isleworth,TW7 5LJ,0.09
139276,Kingsley Academy,Cecil Road,,Hounslow,TW3 1AX,0.39
136341,Lampton Academy,Lampton Avenue,,Hounslow,TW3 4EP,0.49
142781,Logic Studio School,Browells Lane,,Feltham,TW13 7EF,0.11
139720,Nishkam School West London,152 Syon Lane,,Osterley,TW7 5PN,0.92
138266,Reach Academy Feltham,53-55 High Street,,Feltham,TW13 4AB,0.94
137009,Rivers Academy West London,Tachbrook Road,,Feltham,TW14 9PE,0.32
137995,St Mark's Catholic School,106 Bath Road,,Hounslow,TW3 3EJ,1.35
142126,Space Studio West London,Letchworth Avenue,Feltham,Hounslow,TW14 9PE,-1.13
137618,Springwest Academy,Browells Lane,,Feltham,TW13 7EF,0.23
148407,Chessington School,Garrison Lane,,Chessington,KT9 2JS,0.15
137859,Coombe Boys' School,"College Gardens, Blakes Lane",,New Malden,KT3 6NU,0.36
137848,Coombe Girls' School,Clarence Avenue,,New Malden,KT3 3TU,0.7
137678,The Hollyfield School and Sixth Form Centre,Surbiton Hill Road,,Surbiton,KT6 4TU,0.28
138459,The Holy Cross School,25 Sandal Road,,New Malden,KT3 5AR,0.95
141862,The Kingston Academy,Richmond Road,,Kingston upon Thames,KT2 5PE,1.16
137299,Richard Challoner School,Manor Drive North,,New Malden,KT3 5PE,0.84
137917,Southborough High School,Hook Road,,Surbiton,KT6 5AS,0.29
136615,The Tiffin Girls' School,Richmond Road,,Kingston upon Thames,KT2 5PL,1.06
136910,Tiffin School,Queen Elizabeth Road,,Kingston upon Thames,KT2 6RL,0.86
137060,Tolworth Girls' School and Sixth Form,Tala Close,Tolworth Girls' School and Sixth Form,Surbiton,KT6 7EY,0.87
131897,Harris Academy Merton,Wide Way,,Mitcham,CR4 1BP,0.67
138495,Harris Academy Morden,Lilleshall Road,,Morden,SM4 6DU,0.49
145860,Harris Academy Wimbledon,59 High Path,,London,SW19 2JY,0.62
102674,Raynes Park High School,Bushey Road,,London,SW20 0JL,0.22
102673,Ricards Lodge High School,Lake Road,Wimbledon,London,SW19 7HB,0.66
102679,Rutlish School,Watery Lane,Merton Park,London,SW20 9AD,0.68
134003,St Mark's Church of England Academy,Acacia Road,,Mitcham,CR4 1SF,0.7
102683,Ursuline High School Wimbledon,Crescent Road,Wimbledon,London,SW20 8HA,0.87
102681,Wimbledon College,Edge Hill,,London,SW19 4NS,0.86
144739,Bobby Moore Academy,1 Siding Street,Queen Elizabeth Olympic Park,London,E20 2AE,-0.37
136669,Brampton Manor Academy,Roman Road,,London,E6 3SQ,0.59
145113,Cumberland Community School,Oban Close,,London,E13 8SJ,0.71
148224,Eastlea Community School,Pretoria Road,Canning Town,London,E16 4NP,-0.29
143274,Forest Gate Community School,Forest Lane,,London,E7 9BB,1.05
139703,Harris Academy Chobham,40 Cheering Lane,,London,E20 1BD,0.16
149431,Harris Science Academy East London,Three Mill Lane,,London,E3 3DU,0.17
132058,Kingsford Community School,Kingsford Way,Beckton,London,E6 5JG,0.16
140373,Langdon Academy,Sussex Road,East Ham,London,E6 2PS,0.54
148902,Lister Community School,St Mary's Road,Plaistow,London,E13 9AE,-0.31
102776,Little Ilford School,Rectory Road,Manor Park,London,E12 6JB,0.25
142903,London Design and Engineering UTC,15 University Way,,London,E16 2RD,-0.38
141082,Oasis Academy Silvertown,303 North Woolwich Road,,London,E16 2BB,-0.78
102782,Plashet School,Plashet Grove,East Ham,London,E6 1DG,0.87
148901,Rokeby School,Barking Road,,London,E16 4DD,0.05
145410,Royal Docks Academy,Prince Regent Lane,Custom House,London,E16 3HS,-0.41
102786,St Angela's Ursuline School,St George's Road,Forest Gate,London,E7 8HU,0.34
102787,St Bonaventure's RC School,Boleyn Road,Forest Gate,London,E7 9QD,0.17
142644,Sarah Bonnell School,Deanery Road,Stratford,London,E15 4LP,0.46
138196,School 21,Pitchford Street,,Stratford,E15 4RZ,-0.05
136978,Stratford School Academy,Upton Lane,Forest Gate,London,E7 9PR,0.58
138518,Ark Isaac Newton Academy,1 Cricklefield Place,,Ilford,IG1 1FY,0.9
142896,Atam Academy,Little Heath,,Romford,RM6 4XX,0.52
140575,Beal High School,Woodford Bridge Road,,Ilford,IG4 5LP,0.62
102849,Caterham High School,Caterham Avenue,Clayhall,Ilford,IG5 0QW,-0.31
136267,Chadwell Heath Academy,Christie Gardens,Chadwell Heath,Romford,RM6 4RS,0.37
137692,Forest Academy,Harbourer Road,Hainault,Ilford,IG6 3TN,0.11
102850,Ilford County High School,Fremantle Road,Barkingside,Ilford,IG6 2JB,0.87
102861,King Solomon High School,Forest Road,Barkingside,Ilford,IG6 3HB,0.36
140475,Loxford School,Loxford Lane,,Ilford,IG1 2UT,1.08
102858,Mayfield School,Pedley Road,,Dagenham,RM8 1XE,0
133405,Oaks Park High School,45-65 Oaks Lane,Newbury Park,Ilford,IG2 7PQ,0.63
137088,The Palmer Catholic Academy,Aldborough Road South,Seven Kings,Ilford,IG3 8EU,0.49
102856,Seven Kings School,Ley Street,,Ilford,IG2 7BT,1.12
102860,Trinity Catholic High School,Mornington Road,,Woodford Green,IG8 0TP,0.24
137418,The Ursuline Academy Ilford,Morland Road,,Ilford,IG1 4JU,0.75
102857,Valentines High School,Cranbrook Road,,Ilford,IG2 6HX,0.91
102851,Wanstead High School,Redbridge Lane West,Wanstead,London,E11 2JZ,0.28
102854,Woodbridge High School,St Barnabas Road,,Woodford Green,IG8 7DQ,0.38
102852,Woodford County High School,High Road,,Woodford Green,IG8 9LA,0.79
102929,Christ's Church of England Comprehensive Secondary School,Queens Road,,Richmond,TW10 6HW,0.31
138825,Grey Court School,Ham Street,Ham,Richmond,TW10 7HN,0.85
143419,Hampton High,Hanworth Road,,Hampton,TW12 3HB,-0.32
138651,Orleans Park School,Richmond Road,,Twickenham,TW1 3BB,0.88
136208,Richmond Park Academy,Park Avenue,,London,SW14 8RG,0.49
143022,The Richmond upon Thames School,Egerton Road,,Twickenham,TW2 7SL,0.06
149297,St Richard Reynolds Catholic High School,Clifden Road,Twickenham,London,TW1 4LT,0.66
138460,Teddington School,Broom Road,,Teddington,TW11 9PJ,0.23
141963,Turing House School,Hospital Bridge Road,,Twickenham,TW2 6LH,0.67
143420,Twickenham School,Percy Road,,Twickenham,TW2 6JW,0.2
138461,Waldegrave School,Fifth Cross Road,,Twickenham,TW2 5LH,0.78
136799,Carshalton Boys Sports College,Winchcombe Road,,Carshalton,SM5 1RW,-0.14
136797,Carshalton High School for Girls,West Street,,Carshalton,SM5 2QX,0.42
136785,Cheam High School,Chatsworth Road,Cheam,Sutton,SM3 8PW,0.05
136914,Glenthorne High School,Sutton Common Road,,Sutton,SM3 9PS,0.75
136800,Greenshaw High School,Grennell Road,,Sutton,SM1 3DY,0.38
143706,Harris Academy Sutton,2 Chiltern Road,,Sutton,SM2 5RD,0.91
103009,The John Fisher School,Peaks Hill,,Purley,CR8 3YP,0.28
136795,Nonsuch High School for Girls,Ewell Road,Cheam,Sutton,SM3 8AB,1.02
147538,Oaks Park High School,Damson Way,,Carshalton,SM5 4NS,-0.55
136756,Overton Grange School,36 Stanley Road,,Sutton,SM2 6TQ,-0.17
103013,St Philomena's Catholic High School for Girls,Shorts Road,,Carshalton,SM5 3PS,0.68
136787,Sutton Grammar School,Manor Lane,,Sutton,SM1 4AS,1.16
136798,Wallington County Grammar School,Croydon Road,,Wallington,SM6 7PH,0.95
136789,Wallington High School for Girls,Woodcote Road,,Wallington,SM6 0PH,0.92
136621,Wilson's School,Mollison Drive,,Wallington,SM6 9JW,1.27
103080,Buxton School,234 Cann Hall Road,Leytonstone,London,E11 3NN,0.21
138691,Chingford Foundation School,Nevin Drive,Chingford,London,E4 7LT,-0.14
139293,Connaught School for Girls,Dyers Hall Road,Leytonstone,London,E11 4AE,-0.18
140957,"Eden Girls' School, Waltham Forest",Blackhorse Lane,Walthamstow,London,E17 5SD,0.94
103094,Frederick Bremer School,Siddeley Road,Walthamstow,London,E17 4EY,-0.25
145106,George Mitchell School,Farmer Road,Leyton,London,E10 5DN,-0.24
103097,Heathcote School & Science College,Normanton Park,Chingford,London,E4 6ES,-0.37
137558,Highams Park School,34 Handsworth Avenue,Highams Park,London,E4 9PJ,0.08
103106,Holy Family Catholic School,1 Shernhall Street,Walthamstow,London,E17 3EA,-0.04
103105,Kelmscott School,245 Markhouse Road,Walthamstow,London,E17 8DN,-0.33
145708,Lammas School,150 Seymour Road,Leyton,London,E10 7LX,-0.77
103101,Leytonstone School,Colworth Road,Leytonstone,London,E11 1JD,-0.17
143385,Norlington School and 6th Form,Norlington Road,Leyton,London,E10 6JZ,0.34
138859,South Chingford Foundation School,Stadium Close,Chingford,London,E4 8SG,-0.79
132727,Walthamstow Academy,Billet Road,Walthamstow,London,E17 5DP,0.49
103103,Walthamstow School for Girls,Church Hill,Walthamstow,London,E17 9RZ,0.43
103100,Willowfield School,209 Blackhorse Road,Walthamstow,London,E17 6ND,-0.02
136625,Davenant Foundation School,Chester Road,,Loughton,IG10 2LD,0.47
136555,Debden Park High School,Willingale Road,Debden,Loughton,IG10 2BQ,0.02
136342,King Harold Business & Enterprise Academy,Broomstick Hall Road,,Waltham Abbey,EN9 1LF,-0.34
145597,Roding Valley High School,Alderton Hill,,Loughton,IG10 3JA,-0.21
136758,West Hatch High School,High Road,,Chigwell,IG7 5BT,0.24
133114,The Gateway Academy,Marshfoot Road,,Grays,RM16 4LU,0.07
115239,Grays Convent High School,College Avenue,,Grays,RM17 5UX,0.76
137549,Harris Academy Chafford Hundred,Mayflower Road,Chafford Hundred,Grays,RM16 6SA,1.04
147537,Harris Academy Ockendon,Erriff Drive,,South Ockendon,RM15 5AY,0.46
144750,Harris Academy Riverside,London Road,,Purfleet,RM19 1QY,0.23
139578,The Hathaway Academy,Hathaway Road,,Grays,RM17 5LL,-0.38
135960,Ormiston Park Academy,Belhus Park Lane,Aveley,South Ockendon,RM15 4RU,-0.73
137214,William Edwards School,Stifford Clays Road,Stifford Clays,Grays,RM16 3NJ,-0.29
136359,Dartford Grammar School,West Hill,,Dartford,DA1 2HW,1.11
144100,Dartford Grammar School for Girls,Shepherds Lane,,Dartford,DA1 2NT,0.82
118785,Dartford Science & Technology College,Heath Lane,,Dartford,DA1 2LY,-0.04
137581,Ebbsfleet Academy,Southfleet Road,,Swanscombe,DA10 0BZ,-0.13
137099,Gravesend Grammar School,Church Walk,,Gravesend,DA12 2PR,0.18
140987,The Leigh UTC,Brunel Way,,Dartford,DA1 5TF,-0.35
135630,Longfield Academy,Main Road,,Longfield,DA3 7PH,-0.38
137834,"Mayfield Grammar School, Gravesend",Pelham Road,,Gravesend,DA11 0JE,0.38
139075,Meopham School,Wrotham Road,Meopham,Gravesend,DA13 0AH,-0.4
118788,Northfleet School for Girls,Hall Road,Northfleet,Gravesend,DA11 8AQ,-0.17
118928,Northfleet Technology College,Colyer Road,Northfleet,Gravesend,DA11 8BG,-0.49
136304,Orchards Academy,St Mary's Road,,Swanley,BR8 7TE,0.03
137609,Saint George's Church of England School,Meadow Road,,Gravesend,DA11 7LS,-0.05
118933,St John's Catholic Comprehensive,Rochester Road,,Gravesend,DA12 2JW,0.11
135297,Sir Geoffrey Leigh Academy,Green Street Green Road,,Dartford,DA1 1QE,0.14
147059,Stone Lodge School,Stone Lodge Road,,Dartford,DA2 6FY,-0.15
118879,Thamesview School,Thong Lane,,Gravesend,DA12 4LF,-0.72
136205,Wilmington Academy,Common Lane,,Wilmington,DA2 7DR,0.23
137227,Wilmington Grammar School for Boys,Common Lane,Wilmington,Dartford,DA2 7DA,0.65
137250,Wilmington Grammar School for Girls,Wilmington Grange,Parsons Lane,Dartford,DA2 7BB,0.76
136396,The Broxbourne School,Badgers Walk,,Broxbourne,EN10 7FU,0.1
137872,Bushey Meads School,Coldharbour Lane,,Bushey,WD23 4PA,-0.45
144402,Croxley Danes School,Baldwins Lane,Croxley Green,Rickmansworth,WD3 3LR,0.1
136554,Dame Alice Owen's School,Dugdale Hill Lane,,Potters Bar,EN6 2DU,0.92
139416,Elstree Screen Arts Academy,Studio Way,Elstree,Borehamwood,WD6 5NN,-0.79
135876,Future Academies Watford,Horseshoe Lane,Garston,Watford,WD25 7HW,-0.16
145297,Goffs - Churchgate Academy,College Road,Cheshunt,Waltham Cross,EN8 9LY,0.37
137532,Goffs Academy,Goffs Lane,Cheshunt,Waltham Cross,EN7 5QW,0.22
147785,The Grange Academy,London Road,,Bushey,WD23 3AA,-0.29
142051,Haileybury Turnford,Mill Lane,Cheshunt,Waltham Cross,EN8 0JU,-0.05
138747,Hertswood Academy,Cowley Hill,,Borehamwood,WD6 5LG,-0.19
139036,Kings Langley School,Love Lane,,Kings Langley,WD4 9HN,0.07
137224,Mount Grace School,Church Road,,Potters Bar,EN6 1EZ,-0.47
136899,Parmiter's School,High Elms Lane,Garston,Watford,WD25 0UU,0.74
136877,Queens' School,Aldenham Road,,Bushey,WD23 2TY,0.2
139662,The Reach Free School,Long Lane,,Rickmansworth,WD3 8AB,-0.02
136606,Rickmansworth School,Scots Hill,,Rickmansworth,WD3 3AQ,0.3
143131,Robert Barclay Academy,Cock Lane,,Hoddesdon,EN11 8JY,0.11
136901,St Clement Danes School,Chenies Road,Chorleywood,Rickmansworth,WD3 6EW,0.74
137914,Saint Joan of Arc Catholic School,High Street,,Rickmansworth,WD3 1HG,0.34
138360,St Mary's Church of England High School (VA),Lieutenant Ellis Way,Cheshunt,Waltham Cross,EN7 5FB,-0.07
137922,Saint Michael's Catholic High School,High Elms Lane,Garston,Watford,WD25 0SS,0.13
136276,Watford Grammar School for Boys,Rickmansworth Road,,Watford,WD18 7JF,0.72
136289,Watford Grammar School for Girls,Lady's Close,,Watford,WD18 0AE,0.74
140049,Westfield Academy,Tolpits Lane,,Watford,WD18 6NS,-0.03
136922,Yavneh College,Hillside Avenue,,Borehamwood,WD6 1HL,0.97
137735,The Beacon School,Picquets Way,,Banstead,SM7 1AG,-0.14
138491,The Bishop Wand Church of England School,Layton's Lane,,Sunbury-on-Thames,TW16 6LT,0.4
137906,Blenheim High School,Longmead Road,,Epsom,KT19 9BH,0.27
144741,Chertsey High School,Chertsey Road,,Addlestone,KT15 2EP,-0.03
138226,Cobham Free School,Portsmouth Road,,Cobham,KT11 1TF,0.53
143808,de Stafford School,Burntwood Lane,,Caterham,CR3 5YX,-0.11
137595,Epsom and Ewell High School,Ruxley Lane,West Ewell,Epsom,KT19 9JW,-0.39
140650,Esher Church of England High School,More Lane,,Esher,KT10 8AP,0.22
137003,Fullbrook School,Selsdon Road,New Haw,Addlestone,KT15 3HW,-0.12
136534,Glyn School,The Kingsway,Ewell,Epsom,KT17 1NB,0.46
142314,Heathside School,Brooklands Lane,,Weybridge,KT13 8UZ,0.42
137855,Hinchley Wood School,Claygate Lane,Hinchley Wood,Esher,KT10 0AQ,0.68
136833,Howard of Effingham School,Lower Road,Effingham,Leatherhead,KT24 5JR,0.24
139948,Jubilee High School,School Lane,,Addlestone,KT15 1TE,-0.24
137116,The Magna Carta School,Thorpe Road,,Staines,TW18 3HJ,0.13
138765,The Matthew Arnold School,Kingston Road,,Staines-upon-Thames,TW18 1PF,-0.24
137736,Rosebery School,Whitehorse Drive,,Epsom,KT18 7NQ,0.79
125275,St Andrew's Catholic School,Grange Road,,Leatherhead,KT22 7JP,1.2
149290,St Paul's Catholic College,Manor Lane,,Sunbury-on-Thames,TW16 6JE,0.85
143367,"Salesian School, Chertsey",Guildford Road,,Chertsey,KT16 9LU,0.96
136529,Sunbury Manor School,Nursery Road,,Sunbury-on-Thames,TW16 6LF,-0.67
137237,Thamesmead School,Manygate Lane,,Shepperton,TW17 9EE,0.19
143902,Therfield School,Dilston Road,,Leatherhead,KT22 7NZ,0.08
136832,Thomas Knyvett College,Stanwell Road,,Ashford,TW15 3DU,-0.39
144503,Three Rivers Academy,Bell Farm Way,,Walton-on-Thames,KT12 5EJ,-0.67
138928,Warlingham School,Tithepit Shaw Lane,,Warlingham,CR6 9YB,-0.18
